Helena,helena42
Alice,alice43
Laura,laura29
Manuela,manuela19
Valentina,valentina26
Sophia,sophia31
Isabella,isabella28
Heloísa,heloisa37
Luiza,luiza48
Júlia,julia16
Lorena,lorena21
Lívia,livia3
Maria Luiza,maria_luiza31
Cecília,cecilia47
Eloá,eloa17
Giovanna,giovanna11
Maria Clara,maria_clara50
Maria Eduarda,maria_eduarda46
Mariana,mariana5
Lara,lara13
Beatriz,beatriz7
Antonella,antonella28
Maria Júlia,maria_julia40
Emanuelly,emanuelly38
Isadora,isadora45
Ana Clara,ana_clara30
Melissa,melissa42
Ana Luiza,ana_luiza14
Ana Júlia,ana_julia22
Esther,esther32
Lavínia,lavinia36
Maitê,maite27
Maria Cecília,maria_cecilia32
Maria Alice,maria_alice19
Sarah,sarah47
Elisa,elisa20
Liz,liz46
Yasmin,yasmin46
Isabelly,isabelly20
Alícia,alicia38
Clara,clara1
Isis,isis3
Rebeca,rebeca44
Rafaela,rafaela18
Marina,marina41
Ana Laura,ana_laura18
Maria Helena,maria_helena6
Agatha,agatha15
Gabriela,gabriela31
Catarina,catarina14
Miguel,miguel1
Arthur,arthur46
Heitor,heitor5
Bernardo,bernardo25
Davi,davi48
Théo,theo26
Lorenzo,lorenzo14
Gabriel,gabriel37
Pedro,pedro43
Benjamin,benjamin39
Matheus,matheus6
Lucas,lucas26
Nicolas,nicolas4
Joaquim,joaquim33
Samuel,samuel45
Henrique,henrique12
Rafael,rafael38
Guilherme,guilherme20
Enzo,enzo23
Murilo,murilo40
Benício,benicio10
Gustavo,gustavo16
Isaac,isaac36
João Miguel,joao_miguel1
Lucca,lucca49
Enzo Gabriel,enzo_gabriel23
Pedro Henrique,pedro_henrique21
Felipe,felipe49
João Pedro,joao_pedro46
Pietro,pietro33
Anthony,anthony24
Daniel,daniel12
Bryan,bryan4
Davi Lucca,davi_lucca13
Leonardo,leonardo7
Vicente,vicente5
Eduardo,eduardo41
Gael,gael9
Antônio,antonio28
Vitor,vitor38
Noah,noah27
Caio,caio1
João,joao43
Emanuel,emanuel11
Cauã,caua11
João Lucas,joao_lucas7
Calebe,calebe49
Enrico,enrico36
Vinícius,vinicius15
Bento,bento45
